{"loss": [0.2694602534842534, 0.13850554916006264], "auc": [0.9506200699394893, 0.9847849646955966], "valid_loss": [0.1731736958026886, 0.14991097152233124], "valid_auc": [0.9767526663632323, 0.9815636985991445]}