{"loss": [0.32635798275470734, 0.15951328271999954, 0.13020515302196145, 0.11010176489129662], "auc": [0.9262292446831204, 0.9804079559060382, 0.9873204059911753, 0.9918485650018627], "valid_loss": [0.16449037194252014, 0.13945841789245605, 0.12673169374465942, 0.12416281551122665], "valid_auc": [0.9799728972194216, 0.9869990126657893, 0.9889241187357426, 0.9897575488026127]}